assistant_ID,student_ID,parking_ID,student_name
62,4,376,Renae Strettle
436,484,1038,Danita Wathell
589,551,3907,Avram Bracegirdle
948,357,3547,Stan Stockell
578,587,2534,Addie Jessep
564,892,590,Kaycee McSpirron
777,505,2135,Moina Hurry
507,771,3494,Kore Raddon
313,931,3382,Dorrie McComiskey
802,322,3790,Jewell Finnan
772,871,3313,Petrina MacCracken
865,350,3960,Carrissa Crush
504,284,3247,Addy Manie
127,88,3807,Flynn Gorusso
883,716,3540,Alex Tonge
635,318,339,Benyamin Perrin
376,156,745,Celina Aulton
169,236,1059,Allard Marginson
496,214,85,Mallory Soloway
184,292,605,Kassi Glover
979,167,43,Quinta Butters
625,677,2195,Kaia Kobsch
849,729,856,Kizzee Lanaway
773,769,228,Shauna Attlee
947,590,1587,Keelia Shelmardine
260,43,1728,Karin Prestner
380,890,1272,Thorndike Salzen
680,919,2564,Berni Dacca
326,854,220,Wilburt Summerbell
233,58,2962,Cob Darnborough
321,741,3368,Charla Toolin
220,361,3219,Zea Estick
323,249,1600,Gwynne Allbones
414,211,1059,Griffie Walklate
698,934,3281,Lexis Bonhomme
708,199,1299,Bjorn Michelin
124,606,3136,Elvera Stanners
347,372,1709,Tabb Grierson
178,597,3214,Tony Bartolic
863,377,3842,Jonathon Hainey`
766,119,458,Kevina Jedrzejczyk
601,275,2019,Patricio Kibbe
638,902,1680,Hannis Peyes
116,201,2225,Demetria Carstairs
171,439,732,Nettie Cranefield
65,556,541,Moritz Beeby
469,994,1137,Margret Vannacci
805,484,2538,Catherine MacNamara
241,69,1844,Sky Comrie
426,119,2874,Miriam McIver
812,303,1679,Elva Paty
770,268,885,Peder Purver
698,562,3908,Gay Conelly
132,827,1446,Shantee Dorant
62,946,136,Kinny Roswarne
853,903,2630,Lora MacLaughlin
11,733,355,Pammy Jewiss
960,685,2115,Uriah Worcester
796,943,2826,Emmy Heineken
993,547,1825,Bren Longhurst
32,206,542,Glenine Maffin
139,957,514,Thomasine Gohier
304,186,836,Shurlock Formoy
521,892,1342,Gipsy Bullivent
254,710,1900,Kissie Smorthit
604,679,1427,Elianore Miklem
775,106,1425,Barty Stearnes
901,923,580,Shirline Flaunders
280,545,2645,Charlotta Vasquez
485,354,2716,Angele Laboune
935,983,2547,Georgeanna Copsey
449,895,3944,Aubrette Rothert
137,40,3942,Hyman Gascoyen
718,330,2452,Tabbie Byass
344,379,2524,Rheba Gilson
207,106,820,Stacia Strete
623,961,211,Lauren Dabinett
619,939,1109,Bidget Heinert
987,453,201,Shaun Filkov
147,323,2196,Reagen Burnyate
677,702,3859,Sanson Mougenel
787,473,956,Carling Petrello
211,239,297,Ellie Hardaker
118,63,2906,Vincenz Rumney
771,761,3924,Ursola Corain
88,930,1159,Josh Normavell
222,838,212,Nat Beau
132,582,3236,Shawnee Coulbeck
127,390,2784,Jayne Sainter
327,893,352,Bartie Mounfield
885,41,2266,Tobe O'Haire
138,333,614,Colas Slany
834,478,50,Bridget Menelaws
50,438,2386,Millisent Retchford
354,221,3623,Lindi Sommerton
709,690,1721,Marlo Ketteman
269,374,2962,Aurthur Mollin
623,989,2332,Marna Gaymer
883,802,3814,Maximo Oxterby
262,835,2201,Tome Rock
