student_ID,description
850,eu
537,leo
524,ultrices libero
577,elementum in
594,dolor
714,cursus id
594,rutrum neque
754,curabitur gravida
933,sed lacus
822,id
770,malesuada in
737,tellus semper
672,ligula
575,orci mauris
728,faucibus
750,duis
956,vel
676,purus eu
882,mauris
967,nulla quisque
660,sed ante
560,ut
551,eros
795,congue elementum
523,augue aliquam
900,duis at
715,bibendum felis
930,mattis
575,platea dictumst
837,lobortis est
543,volutpat sapien
967,curae nulla
645,lectus suspendisse
934,augue vel
878,vestibulum
694,vulputate
625,maecenas
704,ultricies eu
565,diam
539,quis
991,dui nec
804,molestie
767,vivamus metus
586,consequat morbi
780,nunc donec
907,ipsum praesent
554,magna ac
722,semper
896,non
695,orci vehicula
520,dis parturient
900,suspendisse
575,sapien varius
888,augue
943,pulvinar sed
615,nec
801,adipiscing lorem
828,orci
792,mi pede
917,vestibulum
617,nec
668,suspendisse
572,dolor sit
666,justo pellentesque
711,nunc
756,vestibulum ac
609,ante ipsum
818,euismod
807,odio
568,metus vitae
586,fusce lacus
783,sit amet
591,amet consectetuer
776,dolor
818,condimentum curabitur
807,ut tellus
955,et
918,sapien quis
754,in
577,maecenas
783,est et
650,diam
698,tellus nisi
823,pede justo
908,parturient montes
911,lobortis convallis
981,pede ac
871,suscipit nulla
873,eleifend quam
589,ultrices aliquet
568,vestibulum aliquet
937,cursus
586,pede justo
526,ipsum primis
943,amet sapien
541,a odio
781,a
730,dui vel
542,amet consectetuer
618,nibh
