moodle_ID,login,password
3969,anewbery0@pinterest.com,Go39Jc
2749,dmorot1@tmall.com,P6gr5ZKf7JoT
3588,wfoulkes2@paypal.com,FxdlFi6uXzV
2939,vferrao3@wiley.com,sdCXocsnq57
867,csowte4@cmu.edu,qzWzbPx3GyF
1684,ujepp5@usatoday.com,UYuVKMAwy
3021,wknobell6@google.cn,S6nY93
3383,jheelis7@nps.gov,7qIE7yQlX
839,croz8@g.co,8Cr5I84HZB
1769,nqueyos9@tamu.edu,1WlHe3t
2955,amcpolina@acquirethisname.com,6dzafku
3703,mgilliardb@about.me,nuQiS0VmnEV
3131,bropkinsc@bing.com,1TeAEn5n6i
3331,jbeverstockd@soup.io,cEaDKnt
766,dbonehille@salon.com,v2CEh1iy
3503,cbloysf@multiply.com,WZgzbuecCyC
1614,obanisterg@behance.net,BB54qDZSTZ4I
2931,dbanischh@dedecms.com,vSp5GAeR
741,ddotsoni@nbcnews.com,AgarsZXiio
2821,rsleej@ezinearticles.com,9TuCn9s
3362,sboddamk@independent.co.uk,Yhke5Twot
532,lsawerl@trellian.com,jniFlbnGDq
1850,bwackleym@yahoo.com,lyQFKLCYf
3943,gcottern@printfriendly.com,HiVoAw
232,jvipano@clickbank.net,KM3YUB9qu
3430,mcosgrovep@photobucket.com,N9yjUH2fI
264,gtullochq@msn.com,Ctzp7JR
2957,atantrumr@blogs.com,xGBEh3fze
2877,adunnaways@rambler.ru,T5OhvfKDuY3
1177,fhawkeridget@parallels.com,s3FXmtO6Ur
1432,acroydenu@jigsy.com,7OcpTxDlKIm6
714,wstellv@patch.com,X8fdFwT37nLn
812,bstonierw@wisc.edu,9yCpM42dr
1606,ehucklebyx@hugedomains.com,mhFJYUsG
2725,bcoldwelly@a8.net,LPUx7R2wSz
347,proscriggz@reddit.com,KGo1JGszF
1804,mepiscopi10@amazon.de,rdv2kzb
2196,dknok11@smh.com.au,pzqpuY6r3egs
1867,fjakubiak12@cafepress.com,NjphJSjL
373,ascoular13@cloudflare.com,Kx4JfC
2189,lmoorrud14@nih.gov,UXSFhePI5vgq
2474,spietruszewicz15@wikimedia.org,I58UG0
1696,aissacoff16@gravatar.com,gcMl52xIjM6q
636,ademitri17@mlb.com,XdM7cM
3908,amattia18@dell.com,BO21cQ4QK
1574,nfeacham19@reddit.com,q70f2ehe
926,mlamplugh1a@techcrunch.com,W2AOZ0
2577,cwillis1b@w3.org,AEt1GUJ
2241,dpavkovic1c@nps.gov,Is6gFFD1T
2375,gmcfadden1d@webeden.co.uk,fMaHF58
3648,lcrossman1e@jigsy.com,lxdbBvT
2819,dturfitt1f@omniture.com,WZzjTmlR
1774,bstitcher1g@twitter.com,oZb0ZopaWvAN
1041,kkorneluk1h@bravesites.com,vq0SA7js
1936,gfuentez1i@bluehost.com,vUukLLzeLQ
978,vpollie1j@redcross.org,JW8jhouW
3520,cfrangleton1k@skyrock.com,SX19mS
2702,gschulz1l@tmall.com,eMRFZgJ
2125,glowey1m@flickr.com,fFC9MS3
3881,gskeffington1n@businesswire.com,uw4wsH5
1706,ehincks1o@meetup.com,Yj0Hbei
1062,cyarmouth1p@dell.com,cvp1SN
1429,mcoleman1q@feedburner.com,FY2YVDYrUi
2785,ihovenden1r@bloglines.com,0daL25ee
2936,gferrillio1s@whitehouse.gov,xEnDV4jmdz
313,hpescott1t@histats.com,zzcNrOZzhRR
707,aarnatt1u@blogger.com,s73MrBR
2868,vverissimo1v@pcworld.com,aNxfYG7WGLS
769,hblasik1w@nydailynews.com,iOoRhKaGs1
3758,aarnaud1x@marriott.com,tYhIns3
3511,jdorracott1y@disqus.com,Rit6UzoHfx0H
596,cdooley1z@nps.gov,HKKbj14B
2803,dbolden20@indiatimes.com,miLEYum8xia
816,orubbert21@etsy.com,D43Iisf
1375,fbonett22@sourceforge.net,ufcKWZTNuv
1663,bclinning23@nationalgeographic.com,HGeBA6y4zYX
3150,hlescop24@sphinn.com,AH1hJjbf
1596,jmerck25@columbia.edu,UnJUoFm4
1126,tweiss26@ebay.com,Z8FlYbh
2895,clycett27@economist.com,I7esqdx6h
461,zbrittlebank28@oracle.com,vO4fnA
3516,kdudeney29@apache.org,GaaxLJhW
2753,jsibbering2a@prnewswire.com,lmIfrIT62iE
549,jkopmann2b@about.me,yQAJsvEvt
138,emarshfield2c@comsenz.com,H4mArZz
1365,kcolter2d@yandex.ru,uNn02G
2359,rmctavish2e@webs.com,fvxwdoKfv2u
1073,aiwaszkiewicz2f@smugmug.com,7QOG2qvjQ
3487,mboosey2g@google.ca,NoPE1KFYZLH
3384,livankov2h@vk.com,GZ8Mm7
1441,lmacaughtrie2i@devhub.com,A96T3rh
3686,mnewlove2j@gmpg.org,sSpVMN51cKP
384,mdanks2k@homestead.com,FNP9P6B6Q84
3570,malberts2l@wikimedia.org,D73lsxiuFVfx
413,mfiddiman2m@blinklist.com,kay0gj0NPFT
1743,yrowes2n@amazon.de,K7PEI04c5ZP
1531,ljoplin2o@yellowpages.com,lGNQlI
3790,tsievewright2p@yellowbook.com,Xguelp6yZzvh
430,bdilke2q@godaddy.com,1xDxRO
3121,citschakov2r@domainmarket.com,PivMIUqeyHTt
