parking_ID,stuff_name,student_name
585,Zaccaria Brauner,Dave Tofpik
499,Reynolds Becarra,Lucine Fennelly
337,Ashlan Carlill,Vevay Papes
775,Helli Grovier,Ikey Ewols
178,Jemimah Cottu,Coraline Maginot
347,Nealson Lafoy,Prisca Roney
527,Hortensia McLeoid,Clary Pharrow
373,Josepha Fradgley,Leigh Turbefield
80,Pier Stayt,Dionisio Lindenbluth
94,Patin Cleatherow,Kenton Ponceford
426,Vaughn Mollett,Launce Cutchee
124,Rosana Carty,Moritz Croxall
180,Corbin O'Crevan,Dalli Duckit
691,Bill MacMechan,Emlynn Egle of Germany
21,Duff Ahmed,Beulah Comsty
145,Bryna Genthner,Anette Toten
866,Emory Reis,Annissa Lyttle
283,Jerrie Neilan,Jinny Barnaby
877,Paxon Testin,Rosemonde Yong
714,Cory Lemmen,Phyllis Michurin
650,Sherline Drowsfield,Alana Hachard
60,Creighton Bradley,Gelya Storr
288,Trever Marmyon,Stace Ruger
143,Franz Hotton,Bar Craven
807,Levin Agirre,Lionello Clausson
207,Erminie Gitsham,Bryn Dahlborg
111,Giuseppe Pledge,Maximilian Rockwell
626,Domeniga Treslove,Mureil Roughan
135,Giselbert Presidey,Rolland Southerell
277,Garvin Dregan,Megen Ethelstone
954,Brynna Baitman,Duff Jovic
73,Aurelea Beddin,Nissa Gatteridge
579,Lin Polly,Maddie Pagett
188,Lynn Skirvane,Mylo Brack
906,Allin Adenot,Ike Walkinshaw
83,Eberhard Rookwell,Carolan Leithgoe
293,Daune Writer,Nicko Josuweit
196,Nadya Mathison,Leonelle Sproson
600,Linnea Pennycook,Roselia Perfect
476,Ingeberg Vonasek,Jaynell Mion
434,Sergei McRitchie,Tucker Gilluley
826,Shandy Tadman,Eugine Spoors
261,Maurits Rizzolo,Margi Peele
986,Mariann Lawrence,Fielding Ambrosoni
464,Lucretia Teanby,Daren Brumbye
762,Tabina Tremoille,Abe Mityukov
694,Garrot Steketee,Olympe Stickins
126,Annetta Jonke,Kirstin Gercken
447,Morie Hansmann,Ki Kunz
288,Delbert Wilcinskis,Vittorio MacKinnon
421,Sampson Cooch,Gertrude Beers
918,Gaylor Fromant,Eddy O'Kane
522,Delcina Ruddoch,Garey Abba
30,Murial Franceschelli,Gonzalo Blew
256,Dexter Batecok,Dominique Gerrill
988,Casi Earlam,Wainwright Barajaz
492,Nathalia Jeynes,Hermione Scatchar
372,Fabian Devons,Lyle Eckert
437,Maris Sharpus,Isa Schwant
334,Thaddeus Brigstock,Viola Klimushev
977,Cherise Delf,Marv Paulo
712,Giles McIlroy,Koralle Senogles
520,Maud Mars,Rochell Colten
844,Angus Cammack,Corty Rosbrough
943,Vaughan Castellet,Mackenzie Bastock
847,Perkin Flancinbaum,Sharline Bauchop
73,Dukey Frigout,Arleen Proske
265,Cobbie Poschel,Rozanne Wringe
423,Bailey Chomiszewski,Donelle Abramowsky
407,Lamont Attenbarrow,Florencia Cluney
943,Reginauld Comrie,Carrissa Wyon
978,Giustino Gaule,Kelcie Reveland
558,Weidar de Marco,Dean Okill
290,Denis Tod,Ronica D'eathe
543,Roseanna Freegard,Murdock Chestney
324,Baird Clancey,Milka Wybern
74,Saul Greenhough,Luce Vouls
466,Modesty Gommery,Honor Livesey
997,Ezequiel Lobb,Winslow Harrington
592,Rodina Pegden,Scarlet Bache
791,Tallie Chatell,Bernard Longhurst
882,Aleen Seaton,Daile Gecks
256,Goldi Palmar,Duane Gricewood
609,Saunder Agott,Morie Smoth
81,Rutter Rebeiro,Grange Fagge
731,Dalston Carlozzi,Kellby Basset
89,Minni Ruseworth,Maible Bruinsma
372,Dorise Griffith,Karel Aysh
652,Lynett Hovey,Dorris Calvie
192,Dave Wrankmore,Darrell Wagstaff
354,Margy Latchmore,Constantino Popland
385,Francklin Spinnace,Karalee Quantrill
597,Gusti Barson,Briny Guildford
584,Morgen Singh,Lorant Kellart
697,Maddalena Redwin,Odie Egle
874,Paxton Addington,Bertine Hardson
652,Koenraad Geydon,Peg Wybourne
258,Talya Branchflower,Nelson Rheubottom
492,Mac Kennagh,Leonard Castagneri
511,Ilka Ericsson,Jessa Boggs
