stuff_ID,login_pms,password_pms
3903,thellwig0@jimdo.com,x0ZjsQti6
3806,rtombs1@microsoft.com,RnzriZd9LAVv
1875,eleask2@discuz.net,BF164Dk
1668,imorhall3@aboutads.info,l36Q5Ev2
1583,dprestage4@php.net,04gpav7jRWT
3556,rlonsdale5@house.gov,EEhnYadv
2377,lpinson6@uiuc.edu,tz1VutjESEo
3748,kkohrsen7@hibu.com,v91Hwvutae
1005,sdunkirk8@woothemes.com,C6qIeEIhqi2
1465,bsibthorpe9@trellian.com,BmrIIsxaR
1641,mjollyea@nytimes.com,z9fScC5emB94
1868,jcroisdallb@miitbeian.gov.cn,215naPf
3770,kcoltenc@shutterfly.com,kuX7bDmH0
2880,ccorahd@uol.com.br,mKBarcJEohhw
3955,ahaycoxe@stanford.edu,WdADt72eBMz
3577,dmccloudf@netscape.com,F6ECoWn
2177,wjerromeg@earthlink.net,W1w3CwKt0
1720,bstaigh@cargocollective.com,dv7ChX11q
3271,hmawdsleyi@ask.com,nPbx2XUeStuk
2151,gmclarensj@businesswire.com,B4vUt6C
2071,edragoek@howstuffworks.com,bI2zUQvTKa
1336,choulsonl@surveymonkey.com,5SBwV0Gh6km
3537,bwickenm@paypal.com,SpzNnfeb
2792,ubrawleyn@upenn.edu,1qJwuLg7mLif
1088,bclemenzao@omniture.com,GvI6XFWuHGp
1242,gburbudgep@va.gov,xpQ3Vc
2483,tmcjarrowq@comsenz.com,4p20S0H
1249,nmoodycliffer@elpais.com,CN5usYjgG
3611,lschoolfields@themeforest.net,CVyXtvK
3585,erenst@mozilla.org,R1p0NoY7
2404,fbanghamu@soup.io,bkXDvCJqsCt0
3577,rgutchv@free.fr,Xj2d7V5GBIB
2505,kcailew@unblog.fr,8Heh1s
1214,mdenkx@tmall.com,3EGD1Pb
3425,rwickesy@digg.com,huKapJmC
3953,tkingstonz@google.es,2UKUlC1bk8F
1632,cbabcock10@mit.edu,kJJxH9
3419,mchecketts11@aol.com,C8ESev
2490,hroyans12@slate.com,BdjIxZF4
1226,pend13@google.es,iNcWP79
2648,dbattista14@cloudflare.com,nN5snsPUW
2452,dbeagen15@apple.com,33DYPZ5qB
1769,mlittle16@imageshack.us,kYKvrjjghR
3863,adulieu17@jiathis.com,r8zJzD6zqAdB
2490,rparslow18@dedecms.com,sdIuOKI
2746,gpillman19@independent.co.uk,o0ZmTfbWzvW
2224,epeverell1a@clickbank.net,khtWq9bcP
1540,cerbe1b@hugedomains.com,rQAFQ9
2074,krings1c@tuttocitta.it,kgccvEp5l
3694,ggrafham1d@unc.edu,f1uVHn
2820,bbevens1e@earthlink.net,pCPOo1y
2152,vmcdill1f@narod.ru,zbfcZty9aUoD
1326,cavrahamof1g@hubpages.com,gMFHSaxYnno
1131,zsitford1h@thetimes.co.uk,XLWslTe
1002,aambrogi1i@scientificamerican.com,EnQgaLOx
2407,vgirke1j@va.gov,K5r5ZXndPCff
2258,ebuffery1k@so-net.ne.jp,u9RCcy
2585,nwloch1l@youtube.com,uFf6Sa3a
1639,gpask1m@walmart.com,KILmG6
1158,dmcilherran1n@miibeian.gov.cn,U7rPWD
3949,shugett1o@tumblr.com,MRdbJHgQJRNQ
1522,norgill1p@cafepress.com,JpL1k1qup2a
3704,llyokhin1q@ameblo.jp,mFeSoHyJQJv
1904,bscarborough1r@1688.com,fg7WKqYlH
1264,hdeevey1s@seesaa.net,5P1YcxFE
2579,dferdinand1t@google.nl,xhvTH61e7a
1557,borys1u@skype.com,AfYxWqZ
1967,bdupoy1v@businesswire.com,GPiBVvJ
1528,jmarishenko1w@github.io,4nmRUzMHBDM
2430,tjammes1x@qq.com,NEmx3u
3309,hworkman1y@google.nl,vlOL2PYnq
3123,xbeecker1z@yahoo.com,GQly2ycG
3469,rkopmann20@twitter.com,gtWGRB84f
2646,awillacot21@soup.io,03NZyT32z
2370,sraccio22@squarespace.com,sN9R6R0SZZ
3942,bcrocumbe23@upenn.edu,6yhspYX4c8rN
1192,imcinerney24@google.com,IooQIIu2jk
2903,srolinson25@china.com.cn,iRTpEF3yJcv
2762,amccorry26@netlog.com,bIjaSOjR
2286,msatchel27@google.ru,fi5zdF
3134,hsennett28@archive.org,xaaACAttMkc
1527,nfilipychev29@miibeian.gov.cn,CxxFv6n5
1878,amacdunleavy2a@un.org,6OYNw8TNwfuC
2002,fkillelay2b@weibo.com,EMMp5a4TLCm
2907,jramsay2c@last.fm,neL0pO3vO6pg
3641,pbutland2d@npr.org,QKMNYZ5CV
3174,ibatchley2e@wordpress.com,xNoFgaJ
1248,awillingam2f@hatena.ne.jp,BpOvqBu7B
2265,gkubec2g@rambler.ru,ykyZZXrH5O
2773,mblackshaw2h@vistaprint.com,aandCu
3526,ggiacobbo2i@cargocollective.com,n3PXQPb
2853,jstopforth2j@theatlantic.com,WrQRZF7nuGy
1028,sfigin2k@economist.com,2HLbRW0UifF
1266,doverthrow2l@myspace.com,47xU5fpIs7
2395,jvenneur2m@webs.com,ESeJNIJ
3405,msimpole2n@ibm.com,yGNREsTsdI3D
1789,swyche2o@usda.gov,kJDXyyca
1627,gsimonson2p@google.nl,NJYiAaI5x0X3
1318,lhender2q@macromedia.com,YmCtwT7uN
3394,jbarthropp2r@hp.com,g4RUPwE
