head_name,club_name
Appolonia Napoleon,Kling LLC
Elene Morford,"Kunze, Schowalter and Howe"
Malachi Tummons,"Quigley, Walsh and Larson"
Hastings Sponton,Schoen Inc
Carilyn Bollans,Hammes-Nikolaus
Sterne Chastey,Haag and Sons
Tracy Daysh,"Dach, Kerluke and Boehm"
Siana Milmo,Treutel-Stiedemann
Isadora Rice,"Upton, Adams and Kerluke"
Harper Gilbanks,"Homenick, Cronin and Feil"
Carrol Abrahami,Anderson-Walker
Robbi Palffy,Heidenreich and Sons
Gene Lemerie,"Murazik, Orn and Crist"
Guilbert Seabright,Stokes Group
Sibyl de Wilde,Schuppe-Pfannerstill
Magnum Haysar,Cormier-Bernier
Lalo Rookledge,Rosenbaum Inc
Scott Wilcott,"Rau, Friesen and Mueller"
Inessa Ewell,Weimann-Collins
Val Gathercole,Haag and Sons
Lisette Pym,Monahan-Kunde
Kylynn Renfree,"Haag, Rice and Zemlak"
Hinze Tefft,"Mills, Dooley and Padberg"
Ali Truelove,"Jaskolski, Stanton and Kilback"
Nettle Finlry,"Padberg, Kunde and Moen"
Janene McTavish,Hegmann-Little
Elsy Aldiss,Effertz-Davis
Benton Hallford,Johns LLC
Fiann Grunson,"Streich, Quigley and Wiegand"
Kristofer Trythall,Rolfson Group
Agna Herche,Veum-Walsh
Helge Arends,Grady-Ebert
Alberik Figgs,"McCullough, Kub and Sanford"
Cristobal Havercroft,"Schroeder, Dickens and Haag"
Allyson Ackenson,"Pagac, Gerhold and Wilkinson"
Shelia Romao,"Goodwin, Grady and Gaylord"
Kelwin Simonato,Fadel and Sons
Jere Shailer,"Lemke, Lebsack and Beier"
Galina Kindred,Kiehn-Shields
Dale Lucey,Prosacco-DuBuque
Linus Agronski,"Ondricka, Crist and Kessler"
Arvie Tyzack,"Donnelly, Hodkiewicz and Feil"
Gilberto Cripin,Cummerata and Sons
Silvan Crinion,Gaylord Group
Lauree Van't Hoff,Hickle and Sons
Lissi Dalwood,Nienow and Sons
Deva Megroff,"Kub, Hintz and Harris"
Penn Deesly,McGlynn LLC
Chiquita Meagh,McCullough-Terry
Shawna Seakings,Wiegand Inc
Alie Evins,"Ledner, Pfeffer and Hammes"
Nerissa Worham,Doyle-Prosacco
Madelina Dreossi,"Gleichner, Cassin and Abshire"
Cherish Tumasian,"Gaylord, Mraz and Waelchi"
