stuff_ID,stuff_name,assistant_name
1560,Morganica Yves,Corny Vinson
2839,Pamela Tirkin,Blair Hordell
3187,Corry Emmott,Vladamir McClements
2823,Alejoa Alpin,Winthrop MacAscaidh
2555,Andros Sattin,Joy Caulier
2119,Humfrey Mulholland,Darya Acres
2547,Chad Forge,Ines Nelm
2897,Abigael Dinnage,Leelah Pritchitt
2438,Claribel Stronack,Marlo Braganza
1181,Tyler Kohrding,Daren Lindenberg
1542,Lezlie Feely,Roda Calken
2898,Jacqueline Feldberg,Valli Schlag
3933,Eleanore Goldster,Torey Garrigan
1160,Any Sedgeworth,Ashlen Kinvig
1002,Berrie Gofton,Rockey Skipsey
2200,Maurene Lampkin,Cyrill Ramsey
3979,Theressa Spoure,Georg Ilymanov
2858,Clarice Hempel,Ignaz Blei
1629,Dickie McGeachey,Wendell Bidmead
1654,Maire Havis,Auguste Skilling
3188,Tamera Keating,Trescha Furse
3795,Coletta Fearick,Katlin Pettus
2460,Lloyd Dwane,Irvine Lackemann
3708,Wenonah Trevethan,Sadie Gunston
3618,Puff Kilbourne,Obie Raddish
2838,Bernete Aberdeen,Magdalene Goodswen
1429,Dasie Stinson,Malissia Cochran
1200,Lexis Yurmanovev,Romeo Eastlake
3236,Der Corkell,Myrle Rowcliffe
3637,Rowen Andres,Guthrie Waberer
2255,Henri Wakley,Skipper Maywood
2490,Harrie Reeve,Woodman Castagno
2604,Neddie Renfield,Kyle Greatham
2482,Calley Hurton,Nye Mailey
3035,Jerri Burnie,Bruce Mayberry
3268,Rici O' Timony,Elisabeth Welch
1372,Breena Grannell,Anthea Dee
2047,Eleen O'Kane,Marty Lukasik
2526,Shaine Baud,Odey Tenant
2570,Germayne Diplock,Jaquith Donnelly
2040,Ephraim Paylie,Kyle Sweetsur
2593,Debi Brownsword,Nada Hothersall
2524,Aldridge Dodson,Ashlen Andreacci
1542,Laurie Kik,Granthem Sieur
2411,Mahala Habberjam,Carly Pask
3343,Karlens Gallant,Chrysa Yaakov
2266,Constantia Branscombe,Roselin Tamas
2831,Miguelita Senechault,Ericha Brumby
2426,Gratia Chance,Martin Buffin
2593,Mara Deluca,Mick Laugier
2350,Donalt Jerram,Trstram Jauncey
3439,Augustus Attenbarrow,Pansie Fortin
1991,Guss Joppich,Rod Bruyet
2735,Felicdad Whichelow,Farrah Saker
1976,Ellissa McAvinchey,Lawry Hurry
2675,Rikki Saffen,Myranda Giannoni
3146,Talbot Yakushkev,Sterne Armatys
1374,Kirbee Segar,Joseph Laybourn
1759,Saunderson Constantinou,Darryl Cardno
2181,Pammy Leadbeater,Wendi Edrich
2506,Gonzalo Durnall,Clint Wastell
3128,Alain Kaszper,Rowena Dilger
1225,Sven Mobley,Chrisse Bispo
1369,Vincents Mazzeo,Devina Acarson
2319,Erek Gotcher,Bond Crinson
3131,Nina Priter,Danya Di Iorio
2759,Dickie Clift,Prudence Hovee
3574,Kristyn Haborn,Eleanor Father
2951,Analiese Hallworth,Heda Chanter
1368,Karoly Sturley,Hazel Cradey
3742,Zackariah Pryor,Grenville Rontsch
3160,Zitella Bruff,Jeremie Stranaghan
1447,L;urette McGreal,Blanca Oldnall
2645,Dalli Hylden,Morgun Rottcher
2072,Worth Klyn,Orbadiah Petzolt
1548,Janey Eglin,Curtis Vickors
2197,Aube Faulkener,Robina Sanpere
1563,Angelina Trenholme,Townsend Sancroft
2311,Alejandrina Maclaine,Bernette Wilton
1758,Pamela Fitt,Torre Mingotti
3744,Frederique Lonsbrough,Davie Petrolli
2022,Keefe Kalderon,Shepard O'Malley
1332,Elaine Messier,Allen Goodspeed
2197,Bari De Ruel,Dallon Petrolli
3094,Jaquelyn Peagrim,Esme Sherlock
3115,Inesita McCrackan,Valli Duerden
2249,Joe Colvie,Nannie Scowcraft
2235,Lucky Mothersole,Travers Guthrie
2254,Nikos Wolffers,Cherilyn Rides
1502,Letty Beadman,Marie-ann Lantuff
1145,Ollie Trevance,Sallyann Lebang
2481,Con Summergill,Augusta Gresser
3528,Cristal Camis,Sigismondo Geram
1118,Bernette Enterle,Antoinette Wilshire
1121,Nertie Bernardi,Elly Cabrer
1150,Elyse Gopsill,Millie Pauls
1425,Oren Coalbran,Flossi MacChaell
1529,Inger Poynter,Aurelea Swinerd
3684,Wainwright Kreber,Skipper Lankester
2220,Holmes Seville,Audi Overel
